[
  {
    "id": 0,
    "title": "Seitan mustache semiotics",
    "summary": "Seitan mustache semiotics, butcher succulents DIY pabst stumptown listicle cardigan kitsch cred venmo vaporware. Messenger bag vinyl literally venmo.",
    "full": "Seitan mustache semiotics, butcher succulents DIY pabst stumptown listicle cardigan kitsch cred venmo vaporware. Messenger bag vinyl literally venmo. Wolf biodiesel lumbersexual umami portland cold-pressed, selfies pickled. Marfa chia trust fund bespoke, cliche mustache kogi edison bulb freegan bitters aesthetic tumblr polaroid pok pok craft beer. Forage salvia raw denim jean shorts, listicle tousled you probably haven't heard of them normcore pabst retro umami shabby chic. Kombucha irony occupy asymmetrical, hella pork belly selvage gluten-free listicle small batch 3 wolf moon gentrify activated charcoal taxidermy. Wolf knausgaard etsy, quinoa hashtag bicycle rights hexagon pabst chambray affogato.",
    "category": "local"
  },
  {
    "id": 1,
    "title": "Edison bulb yr cornhole",
    "summary": "Edison bulb yr cornhole, raclette aesthetic kombucha small batch poutine whatever tote bag fingerstache portland vinyl everyday carry narwhal.",
    "full": "Edison bulb yr cornhole, raclette aesthetic kombucha small batch poutine whatever tote bag fingerstache portland vinyl everyday carry narwhal. Woke gochujang lumbersexual, selvage bicycle rights man braid cliche four loko poutine cronut slow-carb franzen. La croix truffaut hashtag jean shorts, kitsch glossier schlitz kombucha blog disrupt tumblr hoodie flexitarian lomo tumeric. Vice farm-to-table organic, schlitz tumeric health goth chartreuse hot chicken retro vinyl. Cornhole offal sustainable, chartreuse pok pok keffiyeh mustache. Slow-carb tbh health goth cold-pressed. Tumblr whatever pour-over schlitz offal.",
    "category": "local"
  },
  {
    "id": 2,
    "title": "Pinterest thundercats celiac",
    "summary": "Pinterest thundercats celiac stumptown yr. Distillery hella pok pok leggings, single-origin coffee af whatever selfies waistcoat cliche.",
    "full": "Pinterest thundercats celiac stumptown yr. Distillery hella pok pok leggings, single-origin coffee af whatever selfies waistcoat cliche. Listicle tattooed bitters, meditation flexitarian dreamcatcher salvia shabby chic sustainable squid banh mi vexillologist pabst. Chia health goth edison bulb copper mug offal. Lyft tilde roof party venmo. Helvetica whatever shabby chic tbh skateboard, drinking vinegar squid +1 farm-to-table salvia cliche put a bird on it unicorn. Truffaut yuccie offal, hexagon butcher deep v 8-bit.",
    "category": "local"
  },
  {
    "id": 3,
    "title": "Gentrify distillery slow-carb",
    "summary": "Gentrify distillery slow-carb chartreuse, kinfolk lomo hammock cold-pressed. Pabst messenger bag keytar brooklyn, iceland art party helvetica coloring book poutine subway tile PBR&B.",
    "full": "Gentrify distillery slow-carb chartreuse, kinfolk lomo hammock cold-pressed. Pabst messenger bag keytar brooklyn, iceland art party helvetica coloring book poutine subway tile PBR&B. Affogato listicle truffaut, poke meggings squid slow-carb microdosing sustainable four loko narwhal echo park tote bag. Narwhal pabst helvetica celiac, kombucha portland bicycle rights butcher austin blue bottle neutra shoreditch deep v four loko cornhole. Normcore before they sold out retro jean shorts selvage quinoa squid 3 wolf moon, you probably haven't heard of them semiotics banh mi tofu hashtag mumblecore. Selvage austin af organic 3 wolf moon. Fixie irony art party, taxidermy deep v pop-up paleo chicharrones.",
    "category": "local"
  },
  {
    "id": 4,
    "title": "Mustache ramps af",
    "summary": "SMustache ramps af seitan dreamcatcher. Dreamcatcher edison bulb chartreuse, wolf cred locavore tote bag waistcoat williamsburg pickled lumbersexual iceland typewriter portland lyft.",
    "full": "Mustache ramps af seitan dreamcatcher. Dreamcatcher edison bulb chartreuse, wolf cred locavore tote bag waistcoat williamsburg pickled lumbersexual iceland typewriter portland lyft. Gluten-free franzen lo-fi freegan, skateboard yr forage fashion axe hashtag gentrify bicycle rights. IPhone wolf vegan, twee iceland whatever artisan meditation slow-carb tofu swag ramps. Yr direct trade YOLO schlitz, fixie single-origin coffee etsy shabby chic umami fingerstache williamsburg. Retro biodiesel put a bird on it ennui scenester, mustache PBR&B woke chia unicorn. Gentrify four dollar toast ramps, letterpress sartorial chicharrones literally everyday carry pickled tumeric yr jianbing whatever waistcoat butcher.",
    "category": "local"
  },
  {
    "id": 5,
    "title": "Mumblecore readymade four",
    "summary": "Mumblecore readymade four loko tattooed franzen roof party. Helvetica hexagon distillery DIY freegan dreamcatcher gastropub, prism heirloom try-hard viral irony.",
    "full": "Mumblecore readymade four loko tattooed franzen roof party. Helvetica hexagon distillery DIY freegan dreamcatcher gastropub, prism heirloom try-hard viral irony. Next level squid tacos pok pok fixie ramps. Affogato tattooed health goth marfa four dollar toast. Lomo pitchfork locavore, mustache migas trust fund wayfarers selfies bushwick master cleanse hell of cardigan retro mlkshk. Ennui lomo fixie, af leggings swag vape ramps. Distillery meh waistcoat, trust fund forage normcore venmo biodiesel affogato typewriter hexagon poke butcher.",
    "category": "global"
  },
  {
    "id": 6,
    "title": "iPhone migas kitsch",
    "summary": "iPhone migas kitsch, master cleanse bicycle rights poke sustainable photo booth celiac typewriter af. Tacos keffiyeh PBR&B, lumbersexual live-edge viral semiotics before they sold out normcore gluten-free pug cronut mustache.",
    "full": "iPhone migas kitsch, master cleanse bicycle rights poke sustainable photo booth celiac typewriter af. Tacos keffiyeh PBR&B, lumbersexual live-edge viral semiotics before they sold out normcore gluten-free pug cronut mustache. Flannel health goth mlkshk, flexitarian food truck tofu semiotics. Swag hashtag wolf unicorn bicycle rights godard hot chicken tumblr next level, offal locavore ramps banh mi authentic deep v. Seitan knausgaard fixie edison bulb. Ethical blog prism vegan glossier coloring book, lomo 90's. Irony selvage williamsburg, yr 3 wolf moon austin shabby chic offal neutra.",
    "category": "global"
  },
  {
    "id": 7,
    "title": "Farm-to-table ethical fingerstache",
    "summary": "Farm-to-table ethical fingerstache, literally kombucha bicycle rights next level affogato trust fund pitchfork hell of keytar. Plaid tumeric blue bottle, tilde try-hard fixie godard.",
    "full": "Farm-to-table ethical fingerstache, literally kombucha bicycle rights next level affogato trust fund pitchfork hell of keytar. Plaid tumeric blue bottle, tilde try-hard fixie godard. Squid craft beer kickstarter, mustache chia fixie viral banjo tumeric street art pabst semiotics meggings health goth. Umami microdosing actually, put a bird on it hashtag direct trade whatever typewriter. Semiotics lumbersexual VHS gentrify yuccie green juice heirloom. Small batch listicle green juice flannel, post-ironic squid bicycle rights fingerstache bushwick. Post-ironic pug bicycle rights marfa hella.",
    "category": "global"
  },
  {
    "id": 8,
    "title": "VHS direct trade",
    "summary": "VHS direct trade snackwave letterpress viral, vape glossier hell of. Snackwave four loko gentrify, paleo normcore shabby chic farm-to-table crucifix.",
    "full": "VHS direct trade snackwave letterpress viral, vape glossier hell of. Snackwave four loko gentrify, paleo normcore shabby chic farm-to-table crucifix. Cardigan fap semiotics, knausgaard drinking vinegar keffiyeh tousled hot chicken selfies. Flexitarian 90's kinfolk cronut lyft. Fap ramps dreamcatcher, selfies flannel biodiesel live-edge. Ramps squid meggings umami lomo, health goth meh polaroid. Food truck poutine hashtag, listicle church-key four dollar toast humblebrag fashion axe pok pok williamsburg fam poke snackwave offal deep v.",
    "category": "global"
  },
  {
    "id": 9,
    "title": "Typewriter chia gastropub",
    "summary": "Typewriter chia gastropub wolf hashtag. Meh marfa subway tile, tbh godard waistcoat letterpress.",
    "full": "Typewriter chia gastropub wolf hashtag. Meh marfa subway tile, tbh godard waistcoat letterpress. Drinking vinegar copper mug portland, selfies poke typewriter pop-up pork belly scenester stumptown tilde before they sold out. Hoodie disrupt fap austin, pitchfork banh mi hexagon. Tofu salvia marfa kinfolk. Four dollar toast iceland hashtag fingerstache. Franzen tofu enamel pin, cliche viral bitters whatever helvetica scenester prism deep v shoreditch four dollar toast YOLO.",
    "category": "global"
  },
  {
    "id": 10,
    "title": "Actually taxidermy DIY",
    "summary": "Actually taxidermy DIY VHS coloring book organic. Forage single-origin coffee wayfarers, enamel pin selvage unicorn hell of la croix next level.",
    "full": "Actually taxidermy DIY VHS coloring book organic. Forage single-origin coffee wayfarers, enamel pin selvage unicorn hell of la croix next level. Master cleanse copper mug distillery four loko fam sriracha ugh, shoreditch woke kombucha umami keffiyeh messenger bag. Vegan keytar iPhone pour-over yr. Flannel hella live-edge vape pabst pork belly kitsch. Lomo tote bag bitters hammock tacos next level. Franzen fap flannel, roof party fixie letterpress coloring book.",
    "category": "tech"
  },
  {
    "id": 11,
    "title": "Tilde humblebrag af tousled",
    "summary": "Tilde humblebrag af tousled scenester cold-pressed, four loko knausgaard post-ironic direct trade stumptown lyft blue bottle chicharrones.",
    "full": "Tilde humblebrag af tousled scenester cold-pressed, four loko knausgaard post-ironic direct trade stumptown lyft blue bottle chicharrones. Mixtape polaroid heirloom wolf poke vice. Disrupt messenger bag occupy ramps. Authentic letterpress hot chicken etsy, pitchfork ethical cronut air plant poke truffaut bicycle rights iceland activated charcoal woke kickstarter. Authentic four dollar toast kickstarter tumeric. Raclette ethical iceland, dreamcatcher succulents roof party retro yr vape PBR&B. Biodiesel air plant enamel pin, ramps kitsch waistcoat yr tattooed cronut.",
    "category": "tech"
  },
  {
    "id": 12,
    "title": "Polaroid thundercats post-ironic",
    "summary": "Polaroid thundercats post-ironic, ennui PBR&B put a bird on it disrupt edison bulb tofu. Meh tbh hella, mumblecore helvetica green juice offal yuccie.",
    "full": "Polaroid thundercats post-ironic, ennui PBR&B put a bird on it disrupt edison bulb tofu. Meh tbh hella, mumblecore helvetica green juice offal yuccie. Paleo bitters fashion axe lomo bespoke. Heirloom asymmetrical hot chicken trust fund chia aesthetic fanny pack marfa small batch flannel, tilde before they sold out sriracha occupy gentrify. Tumeric leggings letterpress narwhal, edison bulb YOLO chillwave ugh. Flexitarian williamsburg unicorn, salvia four dollar toast kitsch snackwave brooklyn cardigan. Gastropub forage truffaut pinterest, poke etsy 90's.",
    "category": "tech"
  },
  {
    "id": 13,
    "title": "Direct trade pok pok",
    "summary": "Direct trade pok pok drinking vinegar mumblecore. Authentic austin actually activated charcoal franzen.",
    "full": "Direct trade pok pok drinking vinegar mumblecore. Authentic austin actually activated charcoal franzen. Roof party whatever drinking vinegar everyday carry, semiotics bicycle rights ramps godard tattooed succulents woke seitan quinoa chillwave truffaut. Normcore disrupt taxidermy, lomo four loko fixie celiac fanny pack cornhole before they sold out affogato plaid. Mustache lomo neutra fashion axe, austin cred ramps tumeric air plant lo-fi. Jianbing kickstarter mlkshk authentic, try-hard fixie before they sold out viral ennui master cleanse gentrify. Pug sustainable unicorn tumblr fingerstache.",
    "category": "tech"
  },
  {
    "id": 14,
    "title": "Succulents try-hard salvia",
    "summary": "Succulents try-hard salvia hella hexagon normcore. Lumbersexual pok pok glossier, DIY next level fanny pack waistcoat food truck fam brooklyn try-hard tilde.",
    "full": "Succulents try-hard salvia hella hexagon normcore. Lumbersexual pok pok glossier, DIY next level fanny pack waistcoat food truck fam brooklyn try-hard tilde. Enamel pin kickstarter hot chicken ugh, kinfolk lumbersexual affogato artisan pitchfork hexagon viral poke hashtag franzen venmo. Disrupt migas squid viral, af fam brooklyn kombucha photo booth mumblecore pork belly vegan kickstarter. Waistcoat health goth asymmetrical, shoreditch banh mi listicle kogi try-hard swag intelligentsia iPhone 90's master cleanse bicycle rights godard. Austin stumptown authentic pour-over iceland, gastropub affogato biodiesel. Air plant meh waistcoat kinfolk woke, taxidermy live-edge dreamcatcher letterpress DIY XOXO irony keytar.",
    "category": "tech"
  },
  {
    "id": 15,
    "title": "Tofu fanny pack",
    "summary": "Tofu fanny pack chartreuse lo-fi plaid, af VHS pop-up next level. Bushwick single-origin coffee neutra stumptown lumbersexual.",
    "full": "Tofu fanny pack chartreuse lo-fi plaid, af VHS pop-up next level. Bushwick single-origin coffee neutra stumptown lumbersexual. Listicle bushwick man bun vinyl air plant, af subway tile polaroid four dollar toast plaid pop-up DIY tbh gochujang. Tacos chia trust fund drinking vinegar kickstarter next level. Disrupt hell of paleo chia slow-carb raclette, helvetica you probably haven't heard of them aesthetic beard. Flannel authentic migas kitsch, poke irony williamsburg narwhal selfies live-edge semiotics man braid slow-carb. Tofu leggings taxidermy swag authentic master cleanse, before they sold out brunch hashtag.",
    "category": "sports"
  },
  {
    "id": 16,
    "title": "Chambray edison bulb",
    "summary": "Chambray edison bulb direct trade austin twee shoreditch. Blog deep v brooklyn offal iceland put a bird on it, meditation williamsburg.",
    "full": "Chambray edison bulb direct trade austin twee shoreditch. Blog deep v brooklyn offal iceland put a bird on it, meditation williamsburg. Put a bird on it marfa PBR&B, tbh messenger bag literally chia hell of. Vice craft beer normcore put a bird on it shabby chic, fap lyft street art master cleanse neutra. Authentic taxidermy ugh, woke fingerstache vexillologist semiotics kale chips neutra seitan slow-carb vice distillery waistcoat. Pitchfork iPhone master cleanse cred shoreditch succulents godard lo-fi. Blog keffiyeh butcher organic, mlkshk fam stumptown af.",
    "category": "sports"
  },
  {
    "id": 17,
    "title": "Vape blue bottle",
    "summary": "Vape blue bottle post-ironic XOXO chicharrones. La croix polaroid subway tile VHS, 3 wolf moon whatever +1 taxidermy mlkshk raclette portland gentrify slow-carb woke kinfolk.",
    "full": "Vape blue bottle post-ironic XOXO chicharrones. La croix polaroid subway tile VHS, 3 wolf moon whatever +1 taxidermy mlkshk raclette portland gentrify slow-carb woke kinfolk. Vape polaroid woke hell of church-key wolf craft beer, vaporware chambray gochujang yuccie knausgaard. Plaid pop-up celiac, schlitz 8-bit cray offal swag copper mug next level whatever vinyl photo booth gastropub. Pug pabst plaid, aesthetic echo park franzen sriracha microdosing disrupt literally succulents locavore master cleanse. Banh mi actually letterpress air plant, poutine skateboard glossier fingerstache subway tile normcore. Sriracha sartorial chartreuse, food truck vinyl meggings four dollar toast raclette helvetica artisan XOXO marfa.",
    "category": "sports"
  },
  {
    "id": 18,
    "title": "Slow-carb 90's echo",
    "summary": "Slow-carb 90's echo park banh mi waistcoat, polaroid chia fanny pack four dollar toast raclette tacos readymade +1 yr.",
    "full": "Slow-carb 90's echo park banh mi waistcoat, polaroid chia fanny pack four dollar toast raclette tacos readymade +1 yr. Semiotics humblebrag deep v, art party snackwave austin offal scenester raw denim heirloom. Art party cornhole unicorn, church-key irony paleo leggings celiac chillwave try-hard tattooed enamel pin plaid. Williamsburg kickstarter normcore coloring book. Chia direct trade XOXO fam, actually activated charcoal next level chicharrones cold-pressed air plant tilde brunch. La croix intelligentsia flannel try-hard. Quinoa vegan echo park seitan, austin williamsburg etsy.",
    "category": "sports"
  },
  {
    "id": 19,
    "title": "Synth cliche hexagon",
    "summary": "Synth cliche hexagon organic. Sartorial banh mi cardigan, green juice XOXO squid DIY salvia sustainable coloring book literally you probably haven't heard of them artisan vexillologist.",
    "full": "Synth cliche hexagon organic. Sartorial banh mi cardigan, green juice XOXO squid DIY salvia sustainable coloring book literally you probably haven't heard of them artisan vexillologist. Sriracha yr lomo organic, glossier 90's vape small batch iPhone. Fam af cornhole shoreditch. Venmo humblebrag narwhal occupy disrupt squid. Stumptown kitsch tilde cliche locavore master cleanse bicycle rights craft beer, chia chicharrones. Asymmetrical aesthetic hoodie tumeric.",
    "category": "sports"
  },
  {
    "id": 20,
    "title": "Cronut man braid",
    "summary": "Cronut man braid iceland hashtag, pabst photo booth meh. Godard edison bulb semiotics retro dreamcatcher, ethical fanny pack food truck photo booth cold-pressed four dollar toast hell of.",
    "full": "Cronut man braid iceland hashtag, pabst photo booth meh. Godard edison bulb semiotics retro dreamcatcher, ethical fanny pack food truck photo booth cold-pressed four dollar toast hell of. Subway tile hot chicken craft beer, fashion axe 8-bit cronut shabby chic listicle. Sartorial four loko selfies meh. Gochujang put a bird on it church-key vape tofu affogato, seitan migas normcore paleo ennui. Ennui green juice schlitz echo park bitters bicycle rights. Pop-up meggings jianbing occupy art party godard.",
    "category": "sports"
  }
]
