{
  "relay": {
    "name": "Relay",
    "description": "A JavaScript framework for building data-driven React applications",
    "homepage": "facebook.github.io/relay/",
    "examples": [{
      "name": "Relay + express-graphql Example",
      "url": "",
      "source_url": "https://github.com/facebook/relay/tree/master/examples/todo",
      "type": "backend"
    }],
    "link_groups": [{
      "heading": "Official Resources",
      "links": [{
        "name": "Documentation",
        "url": "https://facebook.github.io/relay/docs/getting-started.html"
      }, {
        "name": "API Reference",
        "url": "https://facebook.github.io/relay/docs/api-reference-relay.html"
      }, {
        "name": "Relay on GitHub",
        "url": "https://github.com/facebook/relay"
      }]
    }, {
      "heading": "Community",
      "links": [{
        "name": "Relay on StackOverflow",
        "url": "https://stackoverflow.com/questions/tagged/relayjs"
      }]
    }]
  },
  "templates": {
    "todomvc": "<header> <h3><%= name %></h3> <span class=\"source-links\"> <% if (typeof examples !== 'undefined') { %> <% examples.forEach(function (example) { %> <h5><%= example.name %></h5> <% if (!location.href.match(example.url + '/')) { %> <a class=\"demo-link\" data-type=\"<%= example.type === 'backend' ? 'external' : 'local' %>\" href=\"<%= example.url %>\">Demo</a>, <% } if (example.type === 'backend') { %><a href=\"<%= example.source_url %>\"><% } else { %><a href=\"https://github.com/tastejs/todomvc/tree/gh-pages/<%= example.source_url ? example.source_url : example.url %>\"><% } %>Source</a> <% }); %> <% } %> </span> </header> <hr> <blockquote class=\"quote speech-bubble\"> <p><%= description %></p> <footer> <a href=\"http://<%= homepage %>\"><%= name %></a> </footer> </blockquote> <% if (typeof link_groups !== 'undefined') { %> <hr> <% link_groups.forEach(function (link_group) { %> <h4><%= link_group.heading %></h4> <ul> <% link_group.links.forEach(function (link) { %> <li> <a href=\"<%= link.url %>\"><%= link.name %></a> </li> <% }); %> </ul> <% }); %> <% } %> <footer> <hr> <em>If you have other helpful links to share, or find any of the links above no longer work, please <a href=\"https://github.com/tastejs/todomvc/issues\">let us know</a>.</em> </footer>"
  }
}
